{"id":1,"createTime":1579537899000,"modifyTime":1584351773000,"infectSource":"该字段已替换为说明2","passWay":"该字段已替换为说明3","imgUrl":"https://img1.dxycdn.com/2020/0201/450/3394153392393266839-135.png","dailyPic":"https://img1.dxycdn.com/2020/0211/763/3395998884005602079-135.png,https://img1.dxycdn.com/2020/0211/362/3395998896890788910-135.png,https://img1.dxycdn.com/2020/0211/365/3395998905480724211-135.png,https://img1.dxycdn.com/2020/0211/364/3395998916217859778-135.png,https://img1.dxycdn.com/2020/0211/922/3395998929103046444-135.png,https://img1.dxycdn.com/2020/0211/089/3395998939840182072-135.png","dailyPics":["https://img1.dxycdn.com/2020/0211/763/3395998884005602079-135.png","https://img1.dxycdn.com/2020/0211/362/3395998896890788910-135.png","https://img1.dxycdn.com/2020/0211/365/3395998905480724211-135.png","https://img1.dxycdn.com/2020/0211/364/3395998916217859778-135.png","https://img1.dxycdn.com/2020/0211/922/3395998929103046444-135.png","https://img1.dxycdn.com/2020/0211/089/3395998939840182072-135.png"],"summary":"","deleted":false,"countRemark":"","currentConfirmedCount":9991,"confirmedCount":81085,"suspectedCount":123,"curedCount":67876,"deadCount":3218,"seriousCount":3032,"suspectedIncr":12,"currentConfirmedIncr":-831,"confirmedIncr":37,"curedIncr":854,"deadIncr":14,"seriousIncr":-194,"virus":"该字段已替换为说明1","remark1":"易感人群：人群普遍易感。老年人及有基础疾病者感染后病情较重，儿童及婴幼儿也有发病","remark2":"潜伏期：一般为 3～7 天，最长不超过 14 天，潜伏期内可能存在传染性，其中无症状病例传染性非常罕见","remark3":"宿主：野生动物，可能为中华菊头蝠","remark4":"","remark5":"","note1":"病毒：SARS-CoV-2，其导致疾病命名 COVID-19","note2":"传染源：新冠肺炎的患者。无症状感染者也可能成为传染源。","note3":"传播途径：经呼吸道飞沫、接触传播是主要的传播途径。气溶胶传播和消化道等传播途径尚待明确。","generalRemark":"1. 3 月 12 日国家卫健委确诊补订遗漏 12 例确诊病例（非 12 日新增），暂无具体省份信息。 2. 浙江省 12 例外省治愈暂无具体省份信息。","abroadRemark":""}