[{"provinceName":"湖北省","provinceShortName":"湖北","currentConfirmedCount":9605,"confirmedCount":67798,"suspectedCount":0,"curedCount":55094,"deadCount":3099,"comment":"","locationId":420000,"statisticsData":"https://file1.dxycdn.com/2020/0223/618/3398299751673487511-135.json","cities":[{"cityName":"武汉","currentConfirmedCount":9150,"confirmedCount":50003,"suspectedCount":0,"curedCount":38384,"deadCount":2469,"locationId":420100},{"cityName":"孝感","currentConfirmedCount":125,"confirmedCount":3518,"suspectedCount":0,"curedCount":3266,"deadCount":127,"locationId":420900},{"cityName":"鄂州","currentConfirmedCount":62,"confirmedCount":1394,"suspectedCount":0,"curedCount":1275,"deadCount":57,"locationId":420700},{"cityName":"随州","currentConfirmedCount":41,"confirmedCount":1307,"suspectedCount":0,"curedCount":1221,"deadCount":45,"locationId":421300},{"cityName":"荆州","currentConfirmedCount":38,"confirmedCount":1580,"suspectedCount":0,"curedCount":1492,"deadCount":50,"locationId":421000},{"cityName":"黄冈","currentConfirmedCount":32,"confirmedCount":2907,"suspectedCount":0,"curedCount":2750,"deadCount":125,"locationId":421100},{"cityName":"十堰","currentConfirmedCount":30,"confirmedCount":672,"suspectedCount":0,"curedCount":634,"deadCount":8,"locationId":420300},{"cityName":"黄石","currentConfirmedCount":27,"confirmedCount":1015,"suspectedCount":0,"curedCount":950,"deadCount":38,"locationId":420200},{"cityName":"宜昌","currentConfirmedCount":27,"confirmedCount":931,"suspectedCount":0,"curedCount":868,"deadCount":36,"locationId":420500},{"cityName":"荆门","currentConfirmedCount":24,"confirmedCount":928,"suspectedCount":0,"curedCount":865,"deadCount":39,"locationId":420800},{"cityName":"仙桃","currentConfirmedCount":24,"confirmedCount":575,"suspectedCount":0,"curedCount":529,"deadCount":22,"locationId":429004},{"cityName":"襄阳","currentConfirmedCount":9,"confirmedCount":1175,"suspectedCount":0,"curedCount":1128,"deadCount":38,"locationId":420600},{"cityName":"潜江","currentConfirmedCount":6,"confirmedCount":198,"suspectedCount":0,"curedCount":183,"deadCount":9,"locationId":429005},{"cityName":"天门","currentConfirmedCount":4,"confirmedCount":496,"suspectedCount":0,"curedCount":477,"deadCount":15,"locationId":429006},{"cityName":"咸宁","currentConfirmedCount":3,"confirmedCount":836,"suspectedCount":0,"curedCount":819,"deadCount":14,"locationId":421200},{"cityName":"恩施州","currentConfirmedCount":3,"confirmedCount":252,"suspectedCount":0,"curedCount":242,"deadCount":7,"locationId":422800},{"cityName":"神农架林区","currentConfirmedCount":0,"confirmedCount":11,"suspectedCount":0,"curedCount":11,"deadCount":0,"locationId":429021}]},{"provinceName":"北京市","provinceShortName":"北京","currentConfirmedCount":84,"confirmedCount":452,"suspectedCount":0,"curedCount":360,"deadCount":8,"comment":"北京卫健委未明确大部分治愈与死亡病例的分区归属，因此北京市下辖分区的现存确诊暂无法获取。","locationId":110000,"statisticsData":"https://file1.dxycdn.com/2020/0223/004/3398299758115524169-135.json","cities":[{"cityName":"朝阳区","currentConfirmedCount":72,"confirmedCount":72,"suspectedCount":0,"curedCount":0,"deadCount":0,"locationId":110105},{"cityName":"海淀区","currentConfirmedCount":63,"confirmedCount":63,"suspectedCount":0,"curedCount":0,"deadCount":0,"locationId":110108},{"cityName":"西城区","currentConfirmedCount":53,"confirmedCount":53,"suspectedCount":0,"curedCount":0,"deadCount":0,"locationId":110102},{"cityName":"丰台区","currentConfirmedCount":40,"confirmedCount":43,"suspectedCount":0,"curedCount":3,"deadCount":0,"locationId":110106},{"cityName":"境外输入人员","currentConfirmedCount":35,"confirmedCount":37,"suspectedCount":0,"curedCount":2,"deadCount":0,"locationId":0},{"cityName":"大兴区","currentConfirmedCount":23,"confirmedCount":39,"suspectedCount":0,"curedCount":16,"deadCount":0,"locationId":110115},{"cityName":"外地来京人员","currentConfirmedCount":23,"confirmedCount":25,"suspectedCount":0,"curedCount":2,"deadCount":0,"locationId":-1},{"cityName":"昌平区","currentConfirmedCount":19,"confirmedCount":29,"suspectedCount":0,"curedCount":10,"deadCount":0,"locationId":110114},{"cityName":"通州区","currentConfirmedCount":18,"confirmedCount":19,"suspectedCount":0,"curedCount":1,"deadCount":0,"locationId":110112},{"cityName":"房山区","currentConfirmedCount":13,"confirmedCount":16,"suspectedCount":0,"curedCount":3,"deadCount":0,"locationId":110111},{"cityName":"东城区","currentConfirmedCount":13,"confirmedCount":14,"suspectedCount":0,"curedCount":1,"deadCount":0,"locationId":110101},{"cityName":"石景山区","currentConfirmedCount":13,"confirmedCount":14,"suspectedCount":0,"curedCount":1,"deadCount":0,"locationId":110107},{"cityName":"顺义区","currentConfirmedCount":10,"confirmedCount":10,"suspectedCount":0,"curedCount":0,"deadCount":0,"locationId":110113},{"cityName":"怀柔区","currentConfirmedCount":7,"confirmedCount":7,"suspectedCount":0,"curedCount":0,"deadCount":0,"locationId":110116},{"cityName":"密云区","currentConfirmedCount":7,"confirmedCount":7,"suspectedCount":0,"curedCount":0,"deadCount":0,"locationId":110118},{"cityName":"门头沟区","currentConfirmedCount":1,"confirmedCount":3,"suspectedCount":0,"curedCount":2,"deadCount":0,"locationId":110109},{"cityName":"延庆区","currentConfirmedCount":1,"confirmedCount":1,"suspectedCount":0,"curedCount":0,"deadCount":0,"locationId":110119},{"cityName":"待明确地区","currentConfirmedCount":-327,"confirmedCount":0,"suspectedCount":0,"curedCount":319,"deadCount":8,"locationId":0}]},{"provinceName":"香港","provinceShortName":"香港","currentConfirmedCount":61,"confirmedCount":149,"suspectedCount":0,"curedCount":84,"deadCount":4,"comment":"","locationId":810000,"statisticsData":"https://file1.dxycdn.com/2020/0223/331/3398299755968040033-135.json","cities":[]},{"provinceName":"广东省","provinceShortName":"广东","currentConfirmedCount":47,"confirmedCount":1361,"suspectedCount":0,"curedCount":1306,"deadCount":8,"comment":"深圳：确诊病例含4例境外输入病例；东莞：确诊病例含1例境外输入病例；中山：确诊病例含2例境外输入病例；广州：含1例境外输入病例；佛山：含1例境外输入病例；","locationId":440000,"statisticsData":"https://file1.dxycdn.com/2020/0223/281/3398299758115524068-135.json","cities":[{"cityName":"深圳","currentConfirmedCount":19,"confirmedCount":423,"suspectedCount":0,"curedCount":401,"deadCount":3,"locationId":440300},{"cityName":"广州","currentConfirmedCount":17,"confirmedCount":348,"suspectedCount":0,"curedCount":330,"deadCount":1,"locationId":440100},{"cityName":"佛山","currentConfirmedCount":4,"confirmedCount":85,"suspectedCount":0,"curedCount":81,"deadCount":0,"locationId":440600},{"cityName":"中山","currentConfirmedCount":4,"confirmedCount":68,"suspectedCount":0,"curedCount":64,"deadCount":0,"locationId":442000},{"cityName":"东莞","currentConfirmedCount":2,"confirmedCount":100,"suspectedCount":0,"curedCount":97,"deadCount":1,"locationId":441900},{"cityName":"汕头","currentConfirmedCount":1,"confirmedCount":25,"suspectedCount":0,"curedCount":24,"deadCount":0,"locationId":440500},{"cityName":"珠海","currentConfirmedCount":0,"confirmedCount":98,"suspectedCount":0,"curedCount":97,"deadCount":1,"locationId":440400},{"cityName":"惠州","currentConfirmedCount":0,"confirmedCount":62,"suspectedCount":0,"curedCount":62,"deadCount":0,"locationId":441300},{"cityName":"江门","currentConfirmedCount":0,"confirmedCount":23,"suspectedCount":0,"curedCount":23,"deadCount":0,"locationId":440700},{"cityName":"湛江","currentConfirmedCount":0,"confirmedCount":22,"suspectedCount":0,"curedCount":22,"deadCount":0,"locationId":440800},{"cityName":"肇庆","currentConfirmedCount":0,"confirmedCount":19,"suspectedCount":0,"curedCount":18,"deadCount":1,"locationId":441200},{"cityName":"梅州","currentConfirmedCount":0,"confirmedCount":16,"suspectedCount":0,"curedCount":16,"deadCount":0,"locationId":441400},{"cityName":"阳江","currentConfirmedCount":0,"confirmedCount":14,"suspectedCount":0,"curedCount":14,"deadCount":0,"locationId":441700},{"cityName":"茂名","currentConfirmedCount":0,"confirmedCount":14,"suspectedCount":0,"curedCount":14,"deadCount":0,"locationId":440900},{"cityName":"清远","currentConfirmedCount":0,"confirmedCount":12,"suspectedCount":0,"curedCount":12,"deadCount":0,"locationId":441800},{"cityName":"韶关","currentConfirmedCount":0,"confirmedCount":10,"suspectedCount":0,"curedCount":9,"deadCount":1,"locationId":440200},{"cityName":"揭阳","currentConfirmedCount":0,"confirmedCount":8,"suspectedCount":0,"curedCount":8,"deadCount":0,"locationId":445200},{"cityName":"汕尾","currentConfirmedCount":0,"confirmedCount":5,"suspectedCount":0,"curedCount":5,"deadCount":0,"locationId":441500},{"cityName":"潮州","currentConfirmedCount":0,"confirmedCount":5,"suspectedCount":0,"curedCount":5,"deadCount":0,"locationId":445100},{"cityName":"河源","currentConfirmedCount":0,"confirmedCount":4,"suspectedCount":0,"curedCount":4,"deadCount":0,"locationId":441600}]},{"provinceName":"甘肃省","provinceShortName":"甘肃","currentConfirmedCount":40,"confirmedCount":133,"suspectedCount":0,"curedCount":91,"deadCount":2,"comment":"","locationId":620000,"statisticsData":"https://file1.dxycdn.com/2020/0223/559/3398299755968040166-135.json","cities":[{"cityName":"境外输入人员","currentConfirmedCount":40,"confirmedCount":42,"suspectedCount":0,"curedCount":2,"deadCount":0,"locationId":0},{"cityName":"兰州","currentConfirmedCount":0,"confirmedCount":36,"suspectedCount":0,"curedCount":34,"deadCount":2,"locationId":620100},{"cityName":"天水","currentConfirmedCount":0,"confirmedCount":12,"suspectedCount":0,"curedCount":12,"deadCount":0,"locationId":620500},{"cityName":"平凉","currentConfirmedCount":0,"confirmedCount":9,"suspectedCount":0,"curedCount":9,"deadCount":0,"locationId":620800},{"cityName":"定西","currentConfirmedCount":0,"confirmedCount":9,"suspectedCount":0,"curedCount":9,"deadCount":0,"locationId":621100},{"cityName":"甘南","currentConfirmedCount":0,"confirmedCount":8,"suspectedCount":0,"curedCount":8,"deadCount":0,"locationId":623000},{"cityName":"白银","currentConfirmedCount":0,"confirmedCount":4,"suspectedCount":0,"curedCount":4,"deadCount":0,"locationId":620400},{"cityName":"陇南","currentConfirmedCount":0,"confirmedCount":4,"suspectedCount":0,"curedCount":4,"deadCount":0,"locationId":621200},{"cityName":"庆阳","currentConfirmedCount":0,"confirmedCount":3,"suspectedCount":0,"curedCount":3,"deadCount":0,"locationId":621000},{"cityName":"临夏","currentConfirmedCount":0,"confirmedCount":3,"suspectedCount":0,"curedCount":3,"deadCount":0,"locationId":622900},{"cityName":"张掖","currentConfirmedCount":0,"confirmedCount":2,"suspectedCount":0,"curedCount":2,"deadCount":0,"locationId":620700},{"cityName":"金昌","currentConfirmedCount":0,"confirmedCount":1,"suspectedCount":0,"curedCount":1,"deadCount":0,"locationId":620300}]},{"provinceName":"台湾","provinceShortName":"台湾","currentConfirmedCount":38,"confirmedCount":59,"suspectedCount":0,"curedCount":20,"deadCount":1,"comment":"","locationId":710000,"statisticsData":"https://file1.dxycdn.com/2020/0223/045/3398299749526003760-135.json","cities":[]},{"provinceName":"上海市","provinceShortName":"上海","currentConfirmedCount":27,"confirmedCount":355,"suspectedCount":0,"curedCount":325,"deadCount":3,"comment":"部分治愈或死亡病例省级卫健委未明确其市区归属，归入待明确地区。","locationId":310000,"statisticsData":"https://file1.dxycdn.com/2020/0223/128/3398299755968454977-135.json","cities":[{"cityName":"境外输入人员","currentConfirmedCount":17,"confirmedCount":17,"suspectedCount":0,"curedCount":0,"deadCount":0,"locationId":0},{"cityName":"外地来沪人员","currentConfirmedCount":4,"confirmedCount":111,"suspectedCount":0,"curedCount":106,"deadCount":1,"locationId":-1},{"cityName":"浦东新区","currentConfirmedCount":2,"confirmedCount":61,"suspectedCount":0,"curedCount":59,"deadCount":0,"locationId":310115},{"cityName":"宝山区","currentConfirmedCount":2,"confirmedCount":21,"suspectedCount":0,"curedCount":19,"deadCount":0,"locationId":310113},{"cityName":"嘉定区","currentConfirmedCount":2,"confirmedCount":9,"suspectedCount":0,"curedCount":7,"deadCount":0,"locationId":310114},{"cityName":"徐汇区","currentConfirmedCount":1,"confirmedCount":18,"suspectedCount":0,"curedCount":17,"deadCount":0,"locationId":310104},{"cityName":"静安区","currentConfirmedCount":1,"confirmedCount":16,"suspectedCount":0,"curedCount":15,"deadCount":0,"locationId":310106},{"cityName":"黄浦区","currentConfirmedCount":1,"confirmedCount":6,"suspectedCount":0,"curedCount":5,"deadCount":0,"locationId":310101},{"cityName":"闵行区","currentConfirmedCount":0,"confirmedCount":19,"suspectedCount":0,"curedCount":19,"deadCount":0,"locationId":310112},{"cityName":"松江区","currentConfirmedCount":0,"confirmedCount":14,"suspectedCount":0,"curedCount":14,"deadCount":0,"locationId":310117},{"cityName":"长宁区","currentConfirmedCount":0,"confirmedCount":13,"suspectedCount":0,"curedCount":13,"deadCount":0,"locationId":310105},{"cityName":"普陀区","currentConfirmedCount":0,"confirmedCount":11,"suspectedCount":0,"curedCount":11,"deadCount":0,"locationId":310107},{"cityName":"杨浦区","currentConfirmedCount":0,"confirmedCount":9,"suspectedCount":0,"curedCount":9,"deadCount":0,"locationId":310110},{"cityName":"奉贤区","currentConfirmedCount":0,"confirmedCount":9,"suspectedCount":0,"curedCount":9,"deadCount":0,"locationId":310120},{"cityName":"虹口区","currentConfirmedCount":0,"confirmedCount":7,"suspectedCount":0,"curedCount":7,"deadCount":0,"locationId":310109},{"cityName":"青浦区","currentConfirmedCount":0,"confirmedCount":6,"suspectedCount":0,"curedCount":6,"deadCount":0,"locationId":310118},{"cityName":"金山区","currentConfirmedCount":0,"confirmedCount":4,"suspectedCount":0,"curedCount":4,"deadCount":0,"locationId":310116},{"cityName":"崇明区","currentConfirmedCount":0,"confirmedCount":4,"suspectedCount":0,"curedCount":4,"deadCount":0,"locationId":310151},{"cityName":"待明确地区","currentConfirmedCount":-3,"confirmedCount":0,"suspectedCount":0,"curedCount":1,"deadCount":2,"locationId":0}]},{"provinceName":"四川省","provinceShortName":"四川","currentConfirmedCount":20,"confirmedCount":539,"suspectedCount":0,"curedCount":516,"deadCount":3,"comment":"","locationId":510000,"statisticsData":"https://file1.dxycdn.com/2020/0223/926/3398299755968455035-135.json","cities":[{"cityName":"成都","currentConfirmedCount":19,"confirmedCount":144,"suspectedCount":0,"curedCount":122,"deadCount":3,"locationId":510100},{"cityName":"甘孜州","currentConfirmedCount":1,"confirmedCount":78,"suspectedCount":0,"curedCount":77,"deadCount":0,"locationId":513300},{"cityName":"达州","currentConfirmedCount":0,"confirmedCount":42,"suspectedCount":0,"curedCount":42,"deadCount":0,"locationId":511700},{"cityName":"南充","currentConfirmedCount":0,"confirmedCount":39,"suspectedCount":0,"curedCount":39,"deadCount":0,"locationId":511300},{"cityName":"广安","currentConfirmedCount":0,"confirmedCount":30,"suspectedCount":0,"curedCount":30,"deadCount":0,"locationId":511600},{"cityName":"泸州","currentConfirmedCount":0,"confirmedCount":24,"suspectedCount":0,"curedCount":24,"deadCount":0,"locationId":510500},{"cityName":"巴中","currentConfirmedCount":0,"confirmedCount":24,"suspectedCount":0,"curedCount":24,"deadCount":0,"locationId":511900},{"cityName":"绵阳","currentConfirmedCount":0,"confirmedCount":22,"suspectedCount":0,"curedCount":22,"deadCount":0,"locationId":510700},{"cityName":"内江","currentConfirmedCount":0,"confirmedCount":22,"suspectedCount":0,"curedCount":22,"deadCount":0,"locationId":511000},{"cityName":"德阳","currentConfirmedCount":0,"confirmedCount":18,"suspectedCount":0,"curedCount":18,"deadCount":0,"locationId":510600},{"cityName":"遂宁","currentConfirmedCount":0,"confirmedCount":17,"suspectedCount":0,"curedCount":17,"deadCount":0,"locationId":510900},{"cityName":"攀枝花","currentConfirmedCount":0,"confirmedCount":16,"suspectedCount":0,"curedCount":16,"deadCount":0,"locationId":510400},{"cityName":"凉山州","currentConfirmedCount":0,"confirmedCount":13,"suspectedCount":0,"curedCount":13,"deadCount":0,"locationId":513400},{"cityName":"宜宾","currentConfirmedCount":0,"confirmedCount":12,"suspectedCount":0,"curedCount":12,"deadCount":0,"locationId":511500},{"cityName":"自贡","currentConfirmedCount":0,"confirmedCount":9,"suspectedCount":0,"curedCount":9,"deadCount":0,"locationId":510300},{"cityName":"眉山","currentConfirmedCount":0,"confirmedCount":8,"suspectedCount":0,"curedCount":8,"deadCount":0,"locationId":511400},{"cityName":"雅安","currentConfirmedCount":0,"confirmedCount":7,"suspectedCount":0,"curedCount":7,"deadCount":0,"locationId":511800},{"cityName":"广元","currentConfirmedCount":0,"confirmedCount":6,"suspectedCount":0,"curedCount":6,"deadCount":0,"locationId":510800},{"cityName":"资阳","currentConfirmedCount":0,"confirmedCount":4,"suspectedCount":0,"curedCount":4,"deadCount":0,"locationId":512000},{"cityName":"乐山","currentConfirmedCount":0,"confirmedCount":3,"suspectedCount":0,"curedCount":3,"deadCount":0,"locationId":511100},{"cityName":"阿坝州","currentConfirmedCount":0,"confirmedCount":1,"suspectedCount":0,"curedCount":1,"deadCount":0,"locationId":513200}]},{"provinceName":"浙江省","provinceShortName":"浙江","currentConfirmedCount":15,"confirmedCount":1231,"suspectedCount":0,"curedCount":1215,"deadCount":1,"comment":"2月10日通报核减的12例在浙江省治愈的外省病例，根据国家最新要求重新纳入累计病例。","locationId":330000,"statisticsData":"https://file1.dxycdn.com/2020/0223/537/3398299755968455045-135.json","cities":[{"cityName":"丽水","currentConfirmedCount":10,"confirmedCount":28,"suspectedCount":0,"curedCount":18,"deadCount":0,"locationId":331100},{"cityName":"湖州","currentConfirmedCount":2,"confirmedCount":12,"suspectedCount":0,"curedCount":10,"deadCount":0,"locationId":330500},{"cityName":"杭州","currentConfirmedCount":1,"confirmedCount":182,"suspectedCount":0,"curedCount":181,"deadCount":0,"locationId":330100},{"cityName":"嘉兴","currentConfirmedCount":1,"confirmedCount":45,"suspectedCount":0,"curedCount":44,"deadCount":0,"locationId":330400},{"cityName":"绍兴","currentConfirmedCount":1,"confirmedCount":42,"suspectedCount":0,"curedCount":41,"deadCount":0,"locationId":330600},{"cityName":"温州","currentConfirmedCount":0,"confirmedCount":504,"suspectedCount":0,"curedCount":503,"deadCount":1,"locationId":330300},{"cityName":"宁波","currentConfirmedCount":0,"confirmedCount":157,"suspectedCount":0,"curedCount":157,"deadCount":0,"locationId":330200},{"cityName":"台州","currentConfirmedCount":0,"confirmedCount":146,"suspectedCount":0,"curedCount":146,"deadCount":0,"locationId":331000},{"cityName":"金华","currentConfirmedCount":0,"confirmedCount":55,"suspectedCount":0,"curedCount":55,"deadCount":0,"locationId":330700},{"cityName":"省十里丰监狱","currentConfirmedCount":0,"confirmedCount":36,"suspectedCount":0,"curedCount":36,"deadCount":0,"locationId":0},{"cityName":"衢州","currentConfirmedCount":0,"confirmedCount":14,"suspectedCount":0,"curedCount":14,"deadCount":0,"locationId":330800},{"cityName":"舟山","currentConfirmedCount":0,"confirmedCount":10,"suspectedCount":0,"curedCount":10,"deadCount":0,"locationId":330900}]},{"provinceName":"黑龙江省","provinceShortName":"黑龙江","currentConfirmedCount":15,"confirmedCount":482,"suspectedCount":0,"curedCount":454,"deadCount":13,"comment":"","locationId":230000,"statisticsData":"https://file1.dxycdn.com/2020/0223/643/3398299753820971199-135.json","cities":[{"cityName":"哈尔滨","currentConfirmedCount":6,"confirmedCount":198,"suspectedCount":0,"curedCount":188,"deadCount":4,"locationId":230100},{"cityName":"绥化","currentConfirmedCount":2,"confirmedCount":47,"suspectedCount":0,"curedCount":41,"deadCount":4,"locationId":231200},{"cityName":"齐齐哈尔","currentConfirmedCount":2,"confirmedCount":43,"suspectedCount":0,"curedCount":40,"deadCount":1,"locationId":230200},{"cityName":"大庆","currentConfirmedCount":2,"confirmedCount":26,"suspectedCount":0,"curedCount":23,"deadCount":1,"locationId":230600},{"cityName":"双鸭山","currentConfirmedCount":1,"confirmedCount":52,"suspectedCount":0,"curedCount":48,"deadCount":3,"locationId":230500},{"cityName":"黑河","currentConfirmedCount":1,"confirmedCount":14,"suspectedCount":0,"curedCount":13,"deadCount":0,"locationId":231100},{"cityName":"大兴安岭","currentConfirmedCount":1,"confirmedCount":3,"suspectedCount":0,"curedCount":2,"deadCount":0,"locationId":232700},{"cityName":"鸡西","currentConfirmedCount":0,"confirmedCount":46,"suspectedCount":0,"curedCount":46,"deadCount":0,"locationId":230300},{"cityName":"七台河","currentConfirmedCount":0,"confirmedCount":17,"suspectedCount":0,"curedCount":17,"deadCount":0,"locationId":230900},{"cityName":"佳木斯","currentConfirmedCount":0,"confirmedCount":15,"suspectedCount":0,"curedCount":15,"deadCount":0,"locationId":230800},{"cityName":"牡丹江","currentConfirmedCount":0,"confirmedCount":15,"suspectedCount":0,"curedCount":15,"deadCount":0,"locationId":231000},{"cityName":"鹤岗","currentConfirmedCount":0,"confirmedCount":5,"suspectedCount":0,"curedCount":5,"deadCount":0,"locationId":230400},{"cityName":"伊春","currentConfirmedCount":0,"confirmedCount":1,"suspectedCount":0,"curedCount":1,"deadCount":0,"locationId":230700}]},{"provinceName":"陕西省","provinceShortName":"陕西","currentConfirmedCount":10,"confirmedCount":245,"suspectedCount":0,"curedCount":233,"deadCount":2,"comment":"","locationId":610000,"statisticsData":"https://file1.dxycdn.com/2020/0223/857/3398299753820971228-135.json","cities":[{"cityName":"西安","currentConfirmedCount":8,"confirmedCount":120,"suspectedCount":0,"curedCount":110,"deadCount":2,"locationId":610100},{"cityName":"咸阳","currentConfirmedCount":1,"confirmedCount":17,"suspectedCount":0,"curedCount":16,"deadCount":0,"locationId":610400},{"cityName":"渭南","currentConfirmedCount":1,"confirmedCount":15,"suspectedCount":0,"curedCount":14,"deadCount":0,"locationId":610500},{"cityName":"安康","currentConfirmedCount":0,"confirmedCount":26,"suspectedCount":0,"curedCount":26,"deadCount":0,"locationId":610900},{"cityName":"汉中","currentConfirmedCount":0,"confirmedCount":26,"suspectedCount":0,"curedCount":26,"deadCount":0,"locationId":610700},{"cityName":"宝鸡","currentConfirmedCount":0,"confirmedCount":13,"suspectedCount":0,"curedCount":13,"deadCount":0,"locationId":610300},{"cityName":"延安","currentConfirmedCount":0,"confirmedCount":8,"suspectedCount":0,"curedCount":8,"deadCount":0,"locationId":610600},{"cityName":"铜川","currentConfirmedCount":0,"confirmedCount":8,"suspectedCount":0,"curedCount":8,"deadCount":0,"locationId":610200},{"cityName":"商洛","currentConfirmedCount":0,"confirmedCount":7,"suspectedCount":0,"curedCount":7,"deadCount":0,"locationId":611000},{"cityName":"榆林","currentConfirmedCount":0,"confirmedCount":3,"suspectedCount":0,"curedCount":3,"deadCount":0,"locationId":610800},{"cityName":"韩城","currentConfirmedCount":0,"confirmedCount":1,"suspectedCount":0,"curedCount":1,"deadCount":0,"locationId":610581},{"cityName":"杨凌","currentConfirmedCount":0,"confirmedCount":1,"suspectedCount":0,"curedCount":1,"deadCount":0,"locationId":0}]},{"provinceName":"辽宁省","provinceShortName":"辽宁","currentConfirmedCount":10,"confirmedCount":125,"suspectedCount":0,"curedCount":114,"deadCount":1,"comment":"","locationId":210000,"statisticsData":"https://file1.dxycdn.com/2020/0223/815/3398299758115938736-135.json","cities":[{"cityName":"丹东","currentConfirmedCount":4,"confirmedCount":11,"suspectedCount":0,"curedCount":7,"deadCount":0,"locationId":210600},{"cityName":"沈阳","currentConfirmedCount":2,"confirmedCount":28,"suspectedCount":0,"curedCount":26,"deadCount":0,"locationId":210100},{"cityName":"葫芦岛","currentConfirmedCount":2,"confirmedCount":12,"suspectedCount":0,"curedCount":9,"deadCount":1,"locationId":211400},{"cityName":"大连","currentConfirmedCount":1,"confirmedCount":19,"suspectedCount":0,"curedCount":18,"deadCount":0,"locationId":210200},{"cityName":"朝阳","currentConfirmedCount":1,"confirmedCount":6,"suspectedCount":0,"curedCount":5,"deadCount":0,"locationId":211300},{"cityName":"锦州","currentConfirmedCount":0,"confirmedCount":12,"suspectedCount":0,"curedCount":12,"deadCount":0,"locationId":210700},{"cityName":"盘锦","currentConfirmedCount":0,"confirmedCount":11,"suspectedCount":0,"curedCount":11,"deadCount":0,"locationId":211100},{"cityName":"阜新","currentConfirmedCount":0,"confirmedCount":8,"suspectedCount":0,"curedCount":8,"deadCount":0,"locationId":210900},{"cityName":"铁岭","currentConfirmedCount":0,"confirmedCount":7,"suspectedCount":0,"curedCount":7,"deadCount":0,"locationId":211200},{"cityName":"鞍山","currentConfirmedCount":0,"confirmedCount":4,"suspectedCount":0,"curedCount":4,"deadCount":0,"locationId":210300},{"cityName":"本溪","currentConfirmedCount":0,"confirmedCount":3,"suspectedCount":0,"curedCount":3,"deadCount":0,"locationId":210500},{"cityName":"辽阳","currentConfirmedCount":0,"confirmedCount":3,"suspectedCount":0,"curedCount":3,"deadCount":0,"locationId":211000},{"cityName":"营口","currentConfirmedCount":0,"confirmedCount":1,"suspectedCount":0,"curedCount":1,"deadCount":0,"locationId":210800}]},{"provinceName":"山东省","provinceShortName":"山东","currentConfirmedCount":7,"confirmedCount":760,"suspectedCount":0,"curedCount":746,"deadCount":7,"comment":"","locationId":370000,"statisticsData":"https://file1.dxycdn.com/2020/0223/601/3398299749526003726-135.json","cities":[{"cityName":"济宁","currentConfirmedCount":4,"confirmedCount":260,"suspectedCount":0,"curedCount":256,"deadCount":0,"locationId":370800},{"cityName":"青岛","currentConfirmedCount":1,"confirmedCount":61,"suspectedCount":0,"curedCount":59,"deadCount":1,"locationId":370200},{"cityName":"济南","currentConfirmedCount":1,"confirmedCount":47,"suspectedCount":0,"curedCount":46,"deadCount":0,"locationId":370100},{"cityName":"境外输入人员","currentConfirmedCount":1,"confirmedCount":1,"suspectedCount":0,"curedCount":0,"deadCount":0,"locationId":0},{"cityName":"临沂","currentConfirmedCount":0,"confirmedCount":49,"suspectedCount":0,"curedCount":49,"deadCount":0,"locationId":371300},{"cityName":"烟台","currentConfirmedCount":0,"confirmedCount":47,"suspectedCount":0,"curedCount":47,"deadCount":0,"locationId":370600},{"cityName":"潍坊","currentConfirmedCount":0,"confirmedCount":44,"suspectedCount":0,"curedCount":44,"deadCount":0,"locationId":370700},{"cityName":"威海","currentConfirmedCount":0,"confirmedCount":38,"suspectedCount":0,"curedCount":37,"deadCount":1,"locationId":371000},{"cityName":"聊城","currentConfirmedCount":0,"confirmedCount":38,"suspectedCount":0,"curedCount":38,"deadCount":0,"locationId":371500},{"cityName":"德州","currentConfirmedCount":0,"confirmedCount":37,"suspectedCount":0,"curedCount":35,"deadCount":2,"locationId":371400},{"cityName":"泰安","currentConfirmedCount":0,"confirmedCount":35,"suspectedCount":0,"curedCount":33,"deadCount":2,"locationId":370900},{"cityName":"淄博","currentConfirmedCount":0,"confirmedCount":30,"suspectedCount":0,"curedCount":29,"deadCount":1,"locationId":370300},{"cityName":"枣庄","currentConfirmedCount":0,"confirmedCount":24,"suspectedCount":0,"curedCount":24,"deadCount":0,"locationId":370400},{"cityName":"菏泽","currentConfirmedCount":0,"confirmedCount":18,"suspectedCount":0,"curedCount":18,"deadCount":0,"locationId":371700},{"cityName":"日照","currentConfirmedCount":0,"confirmedCount":16,"suspectedCount":0,"curedCount":16,"deadCount":0,"locationId":371100},{"cityName":"滨州","currentConfirmedCount":0,"confirmedCount":15,"suspectedCount":0,"curedCount":15,"deadCount":0,"locationId":371600}]},{"provinceName":"广西壮族自治区","provinceShortName":"广西","currentConfirmedCount":3,"confirmedCount":252,"suspectedCount":0,"curedCount":247,"deadCount":2,"comment":"","locationId":450000,"statisticsData":"https://file1.dxycdn.com/2020/0223/536/3398299758115523880-135.json","cities":[{"cityName":"防城港","currentConfirmedCount":2,"confirmedCount":19,"suspectedCount":0,"curedCount":17,"deadCount":0,"locationId":450600},{"cityName":"来宾","currentConfirmedCount":2,"confirmedCount":11,"suspectedCount":0,"curedCount":9,"deadCount":0,"locationId":451300},{"cityName":"北海","currentConfirmedCount":1,"confirmedCount":44,"suspectedCount":0,"curedCount":42,"deadCount":1,"locationId":450500},{"cityName":"南宁","currentConfirmedCount":0,"confirmedCount":55,"suspectedCount":0,"curedCount":55,"deadCount":0,"locationId":450100},{"cityName":"桂林","currentConfirmedCount":0,"confirmedCount":32,"suspectedCount":0,"curedCount":32,"deadCount":0,"locationId":450300},{"cityName":"河池","currentConfirmedCount":0,"confirmedCount":28,"suspectedCount":0,"curedCount":27,"deadCount":1,"locationId":451200},{"cityName":"柳州","currentConfirmedCount":0,"confirmedCount":24,"suspectedCount":0,"curedCount":24,"deadCount":0,"locationId":450200},{"cityName":"玉林","currentConfirmedCount":0,"confirmedCount":11,"suspectedCount":0,"curedCount":11,"deadCount":0,"locationId":450900},{"cityName":"钦州","currentConfirmedCount":0,"confirmedCount":8,"suspectedCount":0,"curedCount":8,"deadCount":0,"locationId":450700},{"cityName":"贵港","currentConfirmedCount":0,"confirmedCount":8,"suspectedCount":0,"curedCount":8,"deadCount":0,"locationId":450800},{"cityName":"梧州","currentConfirmedCount":0,"confirmedCount":5,"suspectedCount":0,"curedCount":5,"deadCount":0,"locationId":450400},{"cityName":"贺州","currentConfirmedCount":0,"confirmedCount":4,"suspectedCount":0,"curedCount":4,"deadCount":0,"locationId":451100},{"cityName":"百色","currentConfirmedCount":0,"confirmedCount":3,"suspectedCount":0,"curedCount":3,"deadCount":0,"locationId":451000},{"cityName":"待明确地区","currentConfirmedCount":-2,"confirmedCount":0,"suspectedCount":0,"curedCount":2,"deadCount":0,"locationId":0}]},{"provinceName":"河北省","provinceShortName":"河北","currentConfirmedCount":2,"confirmedCount":318,"suspectedCount":0,"curedCount":310,"deadCount":6,"comment":"","locationId":130000,"statisticsData":"https://file1.dxycdn.com/2020/0223/473/3398299751673487477-135.json","cities":[{"cityName":"唐山","currentConfirmedCount":2,"confirmedCount":58,"suspectedCount":0,"curedCount":55,"deadCount":1,"locationId":130200},{"cityName":"沧州","currentConfirmedCount":0,"confirmedCount":48,"suspectedCount":0,"curedCount":45,"deadCount":3,"locationId":130900},{"cityName":"张家口","currentConfirmedCount":0,"confirmedCount":41,"suspectedCount":0,"curedCount":41,"deadCount":0,"locationId":130700},{"cityName":"保定","currentConfirmedCount":0,"confirmedCount":32,"suspectedCount":0,"curedCount":32,"deadCount":0,"locationId":130600},{"cityName":"邯郸","currentConfirmedCount":0,"confirmedCount":32,"suspectedCount":0,"curedCount":32,"deadCount":0,"locationId":130400},{"cityName":"廊坊","currentConfirmedCount":0,"confirmedCount":30,"suspectedCount":0,"curedCount":30,"deadCount":0,"locationId":131000},{"cityName":"石家庄","currentConfirmedCount":0,"confirmedCount":29,"suspectedCount":0,"curedCount":29,"deadCount":0,"locationId":130100},{"cityName":"邢台","currentConfirmedCount":0,"confirmedCount":23,"suspectedCount":0,"curedCount":22,"deadCount":1,"locationId":130500},{"cityName":"秦皇岛","currentConfirmedCount":0,"confirmedCount":10,"suspectedCount":0,"curedCount":9,"deadCount":1,"locationId":130300},{"cityName":"衡水","currentConfirmedCount":0,"confirmedCount":8,"suspectedCount":0,"curedCount":8,"deadCount":0,"locationId":131100},{"cityName":"承德","currentConfirmedCount":0,"confirmedCount":7,"suspectedCount":0,"curedCount":7,"deadCount":0,"locationId":130800}]},{"provinceName":"海南省","provinceShortName":"海南","currentConfirmedCount":2,"confirmedCount":168,"suspectedCount":0,"curedCount":160,"deadCount":6,"comment":"","locationId":460000,"statisticsData":"https://file1.dxycdn.com/2020/0223/126/3398299753820555862-135.json","cities":[{"cityName":"海口","currentConfirmedCount":1,"confirmedCount":39,"suspectedCount":0,"curedCount":38,"deadCount":0,"locationId":460100},{"cityName":"儋州","currentConfirmedCount":1,"confirmedCount":15,"suspectedCount":0,"curedCount":13,"deadCount":1,"locationId":460400},{"cityName":"三亚","currentConfirmedCount":0,"confirmedCount":54,"suspectedCount":0,"curedCount":53,"deadCount":1,"locationId":460200},{"cityName":"万宁","currentConfirmedCount":0,"confirmedCount":13,"suspectedCount":0,"curedCount":13,"deadCount":0,"locationId":469006},{"cityName":"澄迈","currentConfirmedCount":0,"confirmedCount":9,"suspectedCount":0,"curedCount":8,"deadCount":1,"locationId":469023},{"cityName":"昌江","currentConfirmedCount":0,"confirmedCount":7,"suspectedCount":0,"curedCount":7,"deadCount":0,"locationId":469026},{"cityName":"琼海","currentConfirmedCount":0,"confirmedCount":6,"suspectedCount":0,"curedCount":5,"deadCount":1,"locationId":469002},{"cityName":"临高","currentConfirmedCount":0,"confirmedCount":6,"suspectedCount":0,"curedCount":6,"deadCount":0,"locationId":469024},{"cityName":"陵水","currentConfirmedCount":0,"confirmedCount":4,"suspectedCount":0,"curedCount":4,"deadCount":0,"locationId":469028},{"cityName":"定安","currentConfirmedCount":0,"confirmedCount":3,"suspectedCount":0,"curedCount":2,"deadCount":1,"locationId":469021},{"cityName":"文昌","currentConfirmedCount":0,"confirmedCount":3,"suspectedCount":0,"curedCount":3,"deadCount":0,"locationId":469005},{"cityName":"东方","currentConfirmedCount":0,"confirmedCount":3,"suspectedCount":0,"curedCount":2,"deadCount":1,"locationId":469007},{"cityName":"保亭","currentConfirmedCount":0,"confirmedCount":3,"suspectedCount":0,"curedCount":3,"deadCount":0,"locationId":469029},{"cityName":"乐东","currentConfirmedCount":0,"confirmedCount":2,"suspectedCount":0,"curedCount":2,"deadCount":0,"locationId":469027},{"cityName":"琼中","currentConfirmedCount":0,"confirmedCount":1,"suspectedCount":0,"curedCount":1,"deadCount":0,"locationId":469030}]},{"provinceName":"内蒙古自治区","provinceShortName":"内蒙古","currentConfirmedCount":2,"confirmedCount":75,"suspectedCount":0,"curedCount":72,"deadCount":1,"comment":"","locationId":150000,"statisticsData":"https://file1.dxycdn.com/2020/0223/783/3398299758115938727-135.json","cities":[{"cityName":"包头","currentConfirmedCount":2,"confirmedCount":11,"suspectedCount":0,"curedCount":9,"deadCount":0,"locationId":150200},{"cityName":"鄂尔多斯","currentConfirmedCount":0,"confirmedCount":11,"suspectedCount":0,"curedCount":11,"deadCount":0,"locationId":150600},{"cityName":"赤峰","currentConfirmedCount":0,"confirmedCount":9,"suspectedCount":0,"curedCount":9,"deadCount":0,"locationId":150400},{"cityName":"锡林郭勒盟","currentConfirmedCount":0,"confirmedCount":9,"suspectedCount":0,"curedCount":9,"deadCount":0,"locationId":152500},{"cityName":"巴彦淖尔","currentConfirmedCount":0,"confirmedCount":8,"suspectedCount":0,"curedCount":7,"deadCount":1,"locationId":150800},{"cityName":"呼和浩特","currentConfirmedCount":0,"confirmedCount":7,"suspectedCount":0,"curedCount":7,"deadCount":0,"locationId":150100},{"cityName":"通辽","currentConfirmedCount":0,"confirmedCount":7,"suspectedCount":0,"curedCount":7,"deadCount":0,"locationId":150500},{"cityName":"呼伦贝尔","currentConfirmedCount":0,"confirmedCount":7,"suspectedCount":0,"curedCount":7,"deadCount":0,"locationId":150700},{"cityName":"乌兰察布","currentConfirmedCount":0,"confirmedCount":3,"suspectedCount":0,"curedCount":3,"deadCount":0,"locationId":150900},{"cityName":"乌海市","currentConfirmedCount":0,"confirmedCount":2,"suspectedCount":0,"curedCount":2,"deadCount":0,"locationId":150300},{"cityName":"兴安盟","currentConfirmedCount":0,"confirmedCount":1,"suspectedCount":0,"curedCount":1,"deadCount":0,"locationId":152200}]},{"provinceName":"河南省","provinceShortName":"河南","currentConfirmedCount":1,"confirmedCount":1273,"suspectedCount":0,"curedCount":1250,"deadCount":22,"comment":"","locationId":410000,"statisticsData":"https://file1.dxycdn.com/2020/0223/958/3398299751673487456-135.json","cities":[{"cityName":"境外输入人员","currentConfirmedCount":1,"confirmedCount":1,"suspectedCount":0,"curedCount":0,"deadCount":0,"locationId":0},{"cityName":"信阳","currentConfirmedCount":0,"confirmedCount":274,"suspectedCount":0,"curedCount":272,"deadCount":2,"locationId":411500},{"cityName":"郑州","currentConfirmedCount":0,"confirmedCount":157,"suspectedCount":0,"curedCount":152,"deadCount":5,"locationId":410100},{"cityName":"南阳","currentConfirmedCount":0,"confirmedCount":156,"suspectedCount":0,"curedCount":153,"deadCount":3,"locationId":411300},{"cityName":"驻马店","currentConfirmedCount":0,"confirmedCount":139,"suspectedCount":0,"curedCount":139,"deadCount":0,"locationId":411700},{"cityName":"商丘","currentConfirmedCount":0,"confirmedCount":91,"suspectedCount":0,"curedCount":88,"deadCount":3,"locationId":411400},{"cityName":"周口","currentConfirmedCount":0,"confirmedCount":76,"suspectedCount":0,"curedCount":75,"deadCount":1,"locationId":411600},{"cityName":"平顶山","currentConfirmedCount":0,"confirmedCount":58,"suspectedCount":0,"curedCount":57,"deadCount":1,"locationId":410400},{"cityName":"新乡","currentConfirmedCount":0,"confirmedCount":57,"suspectedCount":0,"curedCount":54,"deadCount":3,"locationId":410700},{"cityName":"安阳","currentConfirmedCount":0,"confirmedCount":53,"suspectedCount":0,"curedCount":53,"deadCount":0,"locationId":410500},{"cityName":"许昌","currentConfirmedCount":0,"confirmedCount":39,"suspectedCount":0,"curedCount":38,"deadCount":1,"locationId":411000},{"cityName":"漯河","currentConfirmedCount":0,"confirmedCount":35,"suspectedCount":0,"curedCount":35,"deadCount":0,"locationId":411100},{"cityName":"焦作","currentConfirmedCount":0,"confirmedCount":32,"suspectedCount":0,"curedCount":31,"deadCount":1,"locationId":410800},{"cityName":"洛阳","currentConfirmedCount":0,"confirmedCount":31,"suspectedCount":0,"curedCount":30,"deadCount":1,"locationId":410300},{"cityName":"开封","currentConfirmedCount":0,"confirmedCount":26,"suspectedCount":0,"curedCount":26,"deadCount":0,"locationId":410200},{"cityName":"鹤壁","currentConfirmedCount":0,"confirmedCount":19,"suspectedCount":0,"curedCount":19,"deadCount":0,"locationId":410600},{"cityName":"濮阳","currentConfirmedCount":0,"confirmedCount":17,"suspectedCount":0,"curedCount":17,"deadCount":0,"locationId":410900},{"cityName":"三门峡","currentConfirmedCount":0,"confirmedCount":7,"suspectedCount":0,"curedCount":6,"deadCount":1,"locationId":411200},{"cityName":"济源","currentConfirmedCount":0,"confirmedCount":5,"suspectedCount":0,"curedCount":5,"deadCount":0,"locationId":419001}]},{"provinceName":"云南省","provinceShortName":"云南","currentConfirmedCount":1,"confirmedCount":175,"suspectedCount":0,"curedCount":172,"deadCount":2,"comment":"","locationId":530000,"statisticsData":"https://file1.dxycdn.com/2020/0223/159/3398299758115523929-135.json","cities":[{"cityName":"境外输入人员","currentConfirmedCount":1,"confirmedCount":1,"suspectedCount":0,"curedCount":0,"deadCount":0,"locationId":0},{"cityName":"昆明","currentConfirmedCount":0,"confirmedCount":53,"suspectedCount":0,"curedCount":53,"deadCount":0,"locationId":530100},{"cityName":"昭通","currentConfirmedCount":0,"confirmedCount":25,"suspectedCount":0,"curedCount":25,"deadCount":0,"locationId":530600},{"cityName":"西双版纳","currentConfirmedCount":0,"confirmedCount":15,"suspectedCount":0,"curedCount":14,"deadCount":1,"locationId":532800},{"cityName":"玉溪","currentConfirmedCount":0,"confirmedCount":14,"suspectedCount":0,"curedCount":13,"deadCount":1,"locationId":530400},{"cityName":"曲靖","currentConfirmedCount":0,"confirmedCount":13,"suspectedCount":0,"curedCount":13,"deadCount":0,"locationId":530300},{"cityName":"大理州","currentConfirmedCount":0,"confirmedCount":13,"suspectedCount":0,"curedCount":13,"deadCount":0,"locationId":0},{"cityName":"红河州","currentConfirmedCount":0,"confirmedCount":9,"suspectedCount":0,"curedCount":9,"deadCount":0,"locationId":0},{"cityName":"保山","currentConfirmedCount":0,"confirmedCount":9,"suspectedCount":0,"curedCount":9,"deadCount":0,"locationId":530500},{"cityName":"丽江","currentConfirmedCount":0,"confirmedCount":7,"suspectedCount":0,"curedCount":7,"deadCount":0,"locationId":530700},{"cityName":"德宏州","currentConfirmedCount":0,"confirmedCount":5,"suspectedCount":0,"curedCount":5,"deadCount":0,"locationId":0},{"cityName":"普洱","currentConfirmedCount":0,"confirmedCount":4,"suspectedCount":0,"curedCount":4,"deadCount":0,"locationId":530800},{"cityName":"楚雄州","currentConfirmedCount":0,"confirmedCount":4,"suspectedCount":0,"curedCount":4,"deadCount":0,"locationId":0},{"cityName":"文山州","currentConfirmedCount":0,"confirmedCount":2,"suspectedCount":0,"curedCount":2,"deadCount":0,"locationId":0},{"cityName":"临沧","currentConfirmedCount":0,"confirmedCount":1,"suspectedCount":0,"curedCount":1,"deadCount":0,"locationId":530900}]},{"provinceName":"澳门","provinceShortName":"澳门","currentConfirmedCount":1,"confirmedCount":11,"suspectedCount":0,"curedCount":10,"deadCount":0,"comment":"","locationId":820000,"statisticsData":"https://file1.dxycdn.com/2020/0223/840/3398299753820971267-135.json","cities":[]},{"provinceName":"湖南省","provinceShortName":"湖南","currentConfirmedCount":0,"confirmedCount":1018,"suspectedCount":0,"curedCount":1014,"deadCount":4,"comment":"","locationId":430000,"statisticsData":"https://file1.dxycdn.com/2020/0223/440/3398299751673072079-135.json","cities":[{"cityName":"长沙","currentConfirmedCount":0,"confirmedCount":242,"suspectedCount":0,"curedCount":240,"deadCount":2,"locationId":430100},{"cityName":"岳阳","currentConfirmedCount":0,"confirmedCount":156,"suspectedCount":0,"curedCount":155,"deadCount":1,"locationId":430600},{"cityName":"邵阳","currentConfirmedCount":0,"confirmedCount":102,"suspectedCount":0,"curedCount":101,"deadCount":1,"locationId":430500},{"cityName":"常德","currentConfirmedCount":0,"confirmedCount":82,"suspectedCount":0,"curedCount":82,"deadCount":0,"locationId":430700},{"cityName":"株洲","currentConfirmedCount":0,"confirmedCount":80,"suspectedCount":0,"curedCount":80,"deadCount":0,"locationId":430200},{"cityName":"娄底","currentConfirmedCount":0,"confirmedCount":76,"suspectedCount":0,"curedCount":76,"deadCount":0,"locationId":431300},{"cityName":"益阳","currentConfirmedCount":0,"confirmedCount":60,"suspectedCount":0,"curedCount":60,"deadCount":0,"locationId":430900},{"cityName":"衡阳","currentConfirmedCount":0,"confirmedCount":48,"suspectedCount":0,"curedCount":48,"deadCount":0,"locationId":430400},{"cityName":"永州","currentConfirmedCount":0,"confirmedCount":44,"suspectedCount":0,"curedCount":44,"deadCount":0,"locationId":431100},{"cityName":"怀化","currentConfirmedCount":0,"confirmedCount":40,"suspectedCount":0,"curedCount":40,"deadCount":0,"locationId":431200},{"cityName":"郴州","currentConfirmedCount":0,"confirmedCount":39,"suspectedCount":0,"curedCount":39,"deadCount":0,"locationId":431000},{"cityName":"湘潭","currentConfirmedCount":0,"confirmedCount":36,"suspectedCount":0,"curedCount":36,"deadCount":0,"locationId":430300},{"cityName":"湘西自治州","currentConfirmedCount":0,"confirmedCount":8,"suspectedCount":0,"curedCount":8,"deadCount":0,"locationId":433100},{"cityName":"张家界","currentConfirmedCount":0,"confirmedCount":5,"suspectedCount":0,"curedCount":5,"deadCount":0,"locationId":430800}]},{"provinceName":"安徽省","provinceShortName":"安徽","currentConfirmedCount":0,"confirmedCount":990,"suspectedCount":0,"curedCount":984,"deadCount":6,"comment":"","locationId":340000,"statisticsData":"https://file1.dxycdn.com/2020/0223/734/3398299753820971301-135.json","cities":[{"cityName":"合肥","currentConfirmedCount":0,"confirmedCount":174,"suspectedCount":0,"curedCount":173,"deadCount":1,"locationId":340100},{"cityName":"蚌埠","currentConfirmedCount":0,"confirmedCount":160,"suspectedCount":0,"curedCount":155,"deadCount":5,"locationId":340300},{"cityName":"阜阳","currentConfirmedCount":0,"confirmedCount":155,"suspectedCount":0,"curedCount":155,"deadCount":0,"locationId":341200},{"cityName":"亳州","currentConfirmedCount":0,"confirmedCount":108,"suspectedCount":0,"curedCount":108,"deadCount":0,"locationId":341600},{"cityName":"安庆","currentConfirmedCount":0,"confirmedCount":83,"suspectedCount":0,"curedCount":83,"deadCount":0,"locationId":340800},{"cityName":"六安","currentConfirmedCount":0,"confirmedCount":69,"suspectedCount":0,"curedCount":69,"deadCount":0,"locationId":341500},{"cityName":"宿州","currentConfirmedCount":0,"confirmedCount":41,"suspectedCount":0,"curedCount":41,"deadCount":0,"locationId":341300},{"cityName":"马鞍山","currentConfirmedCount":0,"confirmedCount":38,"suspectedCount":0,"curedCount":38,"deadCount":0,"locationId":340500},{"cityName":"芜湖","currentConfirmedCount":0,"confirmedCount":34,"suspectedCount":0,"curedCount":34,"deadCount":0,"locationId":340200},{"cityName":"铜陵","currentConfirmedCount":0,"confirmedCount":29,"suspectedCount":0,"curedCount":29,"deadCount":0,"locationId":340700},{"cityName":"淮北","currentConfirmedCount":0,"confirmedCount":27,"suspectedCount":0,"curedCount":27,"deadCount":0,"locationId":340600},{"cityName":"淮南","currentConfirmedCount":0,"confirmedCount":27,"suspectedCount":0,"curedCount":27,"deadCount":0,"locationId":340400},{"cityName":"池州","currentConfirmedCount":0,"confirmedCount":17,"suspectedCount":0,"curedCount":17,"deadCount":0,"locationId":341700},{"cityName":"滁州","currentConfirmedCount":0,"confirmedCount":13,"suspectedCount":0,"curedCount":13,"deadCount":0,"locationId":341100},{"cityName":"黄山","currentConfirmedCount":0,"confirmedCount":9,"suspectedCount":0,"curedCount":9,"deadCount":0,"locationId":341000},{"cityName":"宣城","currentConfirmedCount":0,"confirmedCount":6,"suspectedCount":0,"curedCount":6,"deadCount":0,"locationId":341800}]},{"provinceName":"江西省","provinceShortName":"江西","currentConfirmedCount":0,"confirmedCount":935,"suspectedCount":0,"curedCount":934,"deadCount":1,"comment":"","locationId":360000,"statisticsData":"https://file1.dxycdn.com/2020/0223/161/3398299751673072165-135.json","cities":[{"cityName":"南昌","currentConfirmedCount":0,"confirmedCount":230,"suspectedCount":0,"curedCount":230,"deadCount":0,"locationId":360100},{"cityName":"新余","currentConfirmedCount":0,"confirmedCount":130,"suspectedCount":0,"curedCount":130,"deadCount":0,"locationId":360500},{"cityName":"上饶","currentConfirmedCount":0,"confirmedCount":123,"suspectedCount":0,"curedCount":123,"deadCount":0,"locationId":361100},{"cityName":"九江","currentConfirmedCount":0,"confirmedCount":118,"suspectedCount":0,"curedCount":118,"deadCount":0,"locationId":360400},{"cityName":"宜春","currentConfirmedCount":0,"confirmedCount":106,"suspectedCount":0,"curedCount":106,"deadCount":0,"locationId":360900},{"cityName":"赣州","currentConfirmedCount":0,"confirmedCount":76,"suspectedCount":0,"curedCount":75,"deadCount":1,"locationId":360700},{"cityName":"抚州","currentConfirmedCount":0,"confirmedCount":72,"suspectedCount":0,"curedCount":72,"deadCount":0,"locationId":361000},{"cityName":"萍乡","currentConfirmedCount":0,"confirmedCount":33,"suspectedCount":0,"curedCount":33,"deadCount":0,"locationId":360300},{"cityName":"吉安","currentConfirmedCount":0,"confirmedCount":22,"suspectedCount":0,"curedCount":22,"deadCount":0,"locationId":360800},{"cityName":"鹰潭","currentConfirmedCount":0,"confirmedCount":18,"suspectedCount":0,"curedCount":18,"deadCount":0,"locationId":360600},{"cityName":"景德镇","currentConfirmedCount":0,"confirmedCount":6,"suspectedCount":0,"curedCount":6,"deadCount":0,"locationId":360200},{"cityName":"赣江新区","currentConfirmedCount":0,"confirmedCount":1,"suspectedCount":0,"curedCount":1,"deadCount":0,"locationId":0}]},{"provinceName":"江苏省","provinceShortName":"江苏","currentConfirmedCount":0,"confirmedCount":631,"suspectedCount":0,"curedCount":631,"deadCount":0,"comment":"","locationId":320000,"statisticsData":"https://file1.dxycdn.com/2020/0223/111/3398299753820971290-135.json","cities":[{"cityName":"南京","currentConfirmedCount":0,"confirmedCount":93,"suspectedCount":0,"curedCount":93,"deadCount":0,"locationId":320100},{"cityName":"苏州","currentConfirmedCount":0,"confirmedCount":87,"suspectedCount":0,"curedCount":87,"deadCount":0,"locationId":320500},{"cityName":"徐州","currentConfirmedCount":0,"confirmedCount":79,"suspectedCount":0,"curedCount":79,"deadCount":0,"locationId":320300},{"cityName":"淮安","currentConfirmedCount":0,"confirmedCount":66,"suspectedCount":0,"curedCount":66,"deadCount":0,"locationId":320800},{"cityName":"无锡","currentConfirmedCount":0,"confirmedCount":55,"suspectedCount":0,"curedCount":55,"deadCount":0,"locationId":320200},{"cityName":"常州","currentConfirmedCount":0,"confirmedCount":51,"suspectedCount":0,"curedCount":51,"deadCount":0,"locationId":320400},{"cityName":"连云港","currentConfirmedCount":0,"confirmedCount":48,"suspectedCount":0,"curedCount":48,"deadCount":0,"locationId":320700},{"cityName":"南通","currentConfirmedCount":0,"confirmedCount":40,"suspectedCount":0,"curedCount":40,"deadCount":0,"locationId":320600},{"cityName":"泰州","currentConfirmedCount":0,"confirmedCount":37,"suspectedCount":0,"curedCount":37,"deadCount":0,"locationId":321200},{"cityName":"盐城","currentConfirmedCount":0,"confirmedCount":27,"suspectedCount":0,"curedCount":27,"deadCount":0,"locationId":320900},{"cityName":"扬州","currentConfirmedCount":0,"confirmedCount":23,"suspectedCount":0,"curedCount":23,"deadCount":0,"locationId":321000},{"cityName":"宿迁","currentConfirmedCount":0,"confirmedCount":13,"suspectedCount":0,"curedCount":13,"deadCount":0,"locationId":321300},{"cityName":"镇江","currentConfirmedCount":0,"confirmedCount":12,"suspectedCount":0,"curedCount":12,"deadCount":0,"locationId":321100}]},{"provinceName":"重庆市","provinceShortName":"重庆","currentConfirmedCount":0,"confirmedCount":576,"suspectedCount":0,"curedCount":570,"deadCount":6,"comment":"","locationId":500000,"statisticsData":"https://file1.dxycdn.com/2020/0223/368/3398299751673487486-135.json","cities":[{"cityName":"万州区","currentConfirmedCount":0,"confirmedCount":118,"suspectedCount":0,"curedCount":114,"deadCount":4,"locationId":500101},{"cityName":"江北区","currentConfirmedCount":0,"confirmedCount":28,"suspectedCount":0,"curedCount":28,"deadCount":0,"locationId":500105},{"cityName":"云阳县","currentConfirmedCount":0,"confirmedCount":25,"suspectedCount":0,"curedCount":25,"deadCount":0,"locationId":500235},{"cityName":"合川区","currentConfirmedCount":0,"confirmedCount":23,"suspectedCount":0,"curedCount":23,"deadCount":0,"locationId":500117},{"cityName":"綦江区","currentConfirmedCount":0,"confirmedCount":23,"suspectedCount":0,"curedCount":23,"deadCount":0,"locationId":500110},{"cityName":"长寿区","currentConfirmedCount":0,"confirmedCount":22,"suspectedCount":0,"curedCount":22,"deadCount":0,"locationId":500115},{"cityName":"奉节县","currentConfirmedCount":0,"confirmedCount":22,"suspectedCount":0,"curedCount":22,"deadCount":0,"locationId":500236},{"cityName":"九龙坡区","currentConfirmedCount":0,"confirmedCount":21,"suspectedCount":0,"curedCount":20,"deadCount":1,"locationId":500107},{"cityName":"开州区","currentConfirmedCount":0,"confirmedCount":21,"suspectedCount":0,"curedCount":20,"deadCount":1,"locationId":500154},{"cityName":"忠县","currentConfirmedCount":0,"confirmedCount":21,"suspectedCount":0,"curedCount":21,"deadCount":0,"locationId":500233},{"cityName":"渝中区","currentConfirmedCount":0,"confirmedCount":20,"suspectedCount":0,"curedCount":20,"deadCount":0,"locationId":500103},{"cityName":"垫江县","currentConfirmedCount":0,"confirmedCount":20,"suspectedCount":0,"curedCount":20,"deadCount":0,"locationId":500231},{"cityName":"潼南区","currentConfirmedCount":0,"confirmedCount":18,"suspectedCount":0,"curedCount":18,"deadCount":0,"locationId":500152},{"cityName":"渝北区","currentConfirmedCount":0,"confirmedCount":17,"suspectedCount":0,"curedCount":17,"deadCount":0,"locationId":500112},{"cityName":"两江新区","currentConfirmedCount":0,"confirmedCount":17,"suspectedCount":0,"curedCount":17,"deadCount":0,"locationId":-1},{"cityName":"南岸区","currentConfirmedCount":0,"confirmedCount":15,"suspectedCount":0,"curedCount":15,"deadCount":0,"locationId":500108},{"cityName":"石柱县","currentConfirmedCount":0,"confirmedCount":15,"suspectedCount":0,"curedCount":15,"deadCount":0,"locationId":500240},{"cityName":"大足区","currentConfirmedCount":0,"confirmedCount":14,"suspectedCount":0,"curedCount":14,"deadCount":0,"locationId":500111},{"cityName":"巫溪县","currentConfirmedCount":0,"confirmedCount":14,"suspectedCount":0,"curedCount":14,"deadCount":0,"locationId":500238},{"cityName":"铜梁区","currentConfirmedCount":0,"confirmedCount":10,"suspectedCount":0,"curedCount":10,"deadCount":0,"locationId":500151},{"cityName":"丰都县","currentConfirmedCount":0,"confirmedCount":10,"suspectedCount":0,"curedCount":10,"deadCount":0,"locationId":500230},{"cityName":"巫山县","currentConfirmedCount":0,"confirmedCount":10,"suspectedCount":0,"curedCount":10,"deadCount":0,"locationId":500237},{"cityName":"沙坪坝区","currentConfirmedCount":0,"confirmedCount":9,"suspectedCount":0,"curedCount":9,"deadCount":0,"locationId":500106},{"cityName":"璧山区","currentConfirmedCount":0,"confirmedCount":9,"suspectedCount":0,"curedCount":9,"deadCount":0,"locationId":500120},{"cityName":"荣昌区","currentConfirmedCount":0,"confirmedCount":9,"suspectedCount":0,"curedCount":9,"deadCount":0,"locationId":500153},{"cityName":"大渡口区","currentConfirmedCount":0,"confirmedCount":7,"suspectedCount":0,"curedCount":7,"deadCount":0,"locationId":500104},{"cityName":"巴南区","currentConfirmedCount":0,"confirmedCount":6,"suspectedCount":0,"curedCount":6,"deadCount":0,"locationId":500113},{"cityName":"涪陵区","currentConfirmedCount":0,"confirmedCount":5,"suspectedCount":0,"curedCount":5,"deadCount":0,"locationId":500102},{"cityName":"永川区","currentConfirmedCount":0,"confirmedCount":5,"suspectedCount":0,"curedCount":5,"deadCount":0,"locationId":500118},{"cityName":"江津区","currentConfirmedCount":0,"confirmedCount":4,"suspectedCount":0,"curedCount":4,"deadCount":0,"locationId":500116},{"cityName":"梁平区","currentConfirmedCount":0,"confirmedCount":4,"suspectedCount":0,"curedCount":4,"deadCount":0,"locationId":500155},{"cityName":"高新区","currentConfirmedCount":0,"confirmedCount":4,"suspectedCount":0,"curedCount":4,"deadCount":0,"locationId":0},{"cityName":"黔江区","currentConfirmedCount":0,"confirmedCount":2,"suspectedCount":0,"curedCount":2,"deadCount":0,"locationId":500114},{"cityName":"城口县","currentConfirmedCount":0,"confirmedCount":2,"suspectedCount":0,"curedCount":2,"deadCount":0,"locationId":500229},{"cityName":"彭水县","currentConfirmedCount":0,"confirmedCount":2,"suspectedCount":0,"curedCount":2,"deadCount":0,"locationId":500243},{"cityName":"武隆区","currentConfirmedCount":0,"confirmedCount":1,"suspectedCount":0,"curedCount":1,"deadCount":0,"locationId":500156},{"cityName":"秀山县","currentConfirmedCount":0,"confirmedCount":1,"suspectedCount":0,"curedCount":1,"deadCount":0,"locationId":500241},{"cityName":"酉阳县","currentConfirmedCount":0,"confirmedCount":1,"suspectedCount":0,"curedCount":1,"deadCount":0,"locationId":0},{"cityName":"万盛经开区","currentConfirmedCount":0,"confirmedCount":1,"suspectedCount":0,"curedCount":1,"deadCount":0,"locationId":0}]},{"provinceName":"福建省","provinceShortName":"福建","currentConfirmedCount":0,"confirmedCount":296,"suspectedCount":0,"curedCount":295,"deadCount":1,"comment":"","locationId":350000,"statisticsData":"https://file1.dxycdn.com/2020/0223/744/3398299751673071813-135.json","cities":[{"cityName":"福州","currentConfirmedCount":0,"confirmedCount":72,"suspectedCount":0,"curedCount":71,"deadCount":1,"locationId":350100},{"cityName":"莆田","currentConfirmedCount":0,"confirmedCount":56,"suspectedCount":0,"curedCount":56,"deadCount":0,"locationId":350300},{"cityName":"泉州","currentConfirmedCount":0,"confirmedCount":47,"suspectedCount":0,"curedCount":47,"deadCount":0,"locationId":350500},{"cityName":"厦门","currentConfirmedCount":0,"confirmedCount":35,"suspectedCount":0,"curedCount":35,"deadCount":0,"locationId":350200},{"cityName":"宁德","currentConfirmedCount":0,"confirmedCount":26,"suspectedCount":0,"curedCount":26,"deadCount":0,"locationId":350900},{"cityName":"漳州","currentConfirmedCount":0,"confirmedCount":20,"suspectedCount":0,"curedCount":20,"deadCount":0,"locationId":350600},{"cityName":"南平","currentConfirmedCount":0,"confirmedCount":20,"suspectedCount":0,"curedCount":20,"deadCount":0,"locationId":350700},{"cityName":"三明","currentConfirmedCount":0,"confirmedCount":14,"suspectedCount":0,"curedCount":14,"deadCount":0,"locationId":350400},{"cityName":"龙岩","currentConfirmedCount":0,"confirmedCount":6,"suspectedCount":0,"curedCount":6,"deadCount":0,"locationId":350800}]},{"provinceName":"贵州省","provinceShortName":"贵州","currentConfirmedCount":0,"confirmedCount":146,"suspectedCount":0,"curedCount":144,"deadCount":2,"comment":"","locationId":520000,"statisticsData":"https://file1.dxycdn.com/2020/0223/148/3398299753820971243-135.json","cities":[{"cityName":"贵阳","currentConfirmedCount":0,"confirmedCount":36,"suspectedCount":0,"curedCount":35,"deadCount":1,"locationId":520100},{"cityName":"遵义","currentConfirmedCount":0,"confirmedCount":32,"suspectedCount":0,"curedCount":32,"deadCount":0,"locationId":520300},{"cityName":"毕节","currentConfirmedCount":0,"confirmedCount":23,"suspectedCount":0,"curedCount":23,"deadCount":0,"locationId":520500},{"cityName":"黔南州","currentConfirmedCount":0,"confirmedCount":17,"suspectedCount":0,"curedCount":17,"deadCount":0,"locationId":522700},{"cityName":"六盘水","currentConfirmedCount":0,"confirmedCount":10,"suspectedCount":0,"curedCount":9,"deadCount":1,"locationId":520200},{"cityName":"铜仁","currentConfirmedCount":0,"confirmedCount":10,"suspectedCount":0,"curedCount":10,"deadCount":0,"locationId":520600},{"cityName":"黔东南州","currentConfirmedCount":0,"confirmedCount":10,"suspectedCount":0,"curedCount":10,"deadCount":0,"locationId":522600},{"cityName":"安顺","currentConfirmedCount":0,"confirmedCount":4,"suspectedCount":0,"curedCount":4,"deadCount":0,"locationId":520400},{"cityName":"黔西南州","currentConfirmedCount":0,"confirmedCount":4,"suspectedCount":0,"curedCount":4,"deadCount":0,"locationId":522300}]},{"provinceName":"天津市","provinceShortName":"天津","currentConfirmedCount":0,"confirmedCount":136,"suspectedCount":0,"curedCount":133,"deadCount":3,"comment":"","locationId":120000,"statisticsData":"https://file1.dxycdn.com/2020/0223/669/3398299753820555949-135.json","cities":[{"cityName":"宝坻区","currentConfirmedCount":0,"confirmedCount":60,"suspectedCount":0,"curedCount":58,"deadCount":2,"locationId":120115},{"cityName":"河东区","currentConfirmedCount":0,"confirmedCount":15,"suspectedCount":0,"curedCount":14,"deadCount":1,"locationId":120102},{"cityName":"河北区","currentConfirmedCount":0,"confirmedCount":12,"suspectedCount":0,"curedCount":12,"deadCount":0,"locationId":120105},{"cityName":"北辰区","currentConfirmedCount":0,"confirmedCount":6,"suspectedCount":0,"curedCount":6,"deadCount":0,"locationId":120113},{"cityName":"南开区","currentConfirmedCount":0,"confirmedCount":6,"suspectedCount":0,"curedCount":6,"deadCount":0,"locationId":120104},{"cityName":"和平区","currentConfirmedCount":0,"confirmedCount":6,"suspectedCount":0,"curedCount":6,"deadCount":0,"locationId":120101},{"cityName":"外地来津人员","currentConfirmedCount":0,"confirmedCount":6,"suspectedCount":0,"curedCount":6,"deadCount":0,"locationId":0},{"cityName":"东丽区","currentConfirmedCount":0,"confirmedCount":4,"suspectedCount":0,"curedCount":4,"deadCount":0,"locationId":120110},{"cityName":"宁河区","currentConfirmedCount":0,"confirmedCount":4,"suspectedCount":0,"curedCount":4,"deadCount":0,"locationId":120117},{"cityName":"河西区","currentConfirmedCount":0,"confirmedCount":4,"suspectedCount":0,"curedCount":4,"deadCount":0,"locationId":120103},{"cityName":"西青区","currentConfirmedCount":0,"confirmedCount":4,"suspectedCount":0,"curedCount":4,"deadCount":0,"locationId":120111},{"cityName":"滨海新区","currentConfirmedCount":0,"confirmedCount":3,"suspectedCount":0,"curedCount":3,"deadCount":0,"locationId":120116},{"cityName":"武清区","currentConfirmedCount":0,"confirmedCount":2,"suspectedCount":0,"curedCount":2,"deadCount":0,"locationId":120114},{"cityName":"红桥区","currentConfirmedCount":0,"confirmedCount":2,"suspectedCount":0,"curedCount":2,"deadCount":0,"locationId":120106},{"cityName":"津南区","currentConfirmedCount":0,"confirmedCount":2,"suspectedCount":0,"curedCount":2,"deadCount":0,"locationId":120112}]},{"provinceName":"山西省","provinceShortName":"山西","currentConfirmedCount":0,"confirmedCount":133,"suspectedCount":0,"curedCount":133,"deadCount":0,"comment":"","locationId":140000,"statisticsData":"https://file1.dxycdn.com/2020/0223/196/3398299755968040081-135.json","cities":[{"cityName":"晋中","currentConfirmedCount":0,"confirmedCount":37,"suspectedCount":0,"curedCount":37,"deadCount":0,"locationId":140700},{"cityName":"太原","currentConfirmedCount":0,"confirmedCount":20,"suspectedCount":0,"curedCount":20,"deadCount":0,"locationId":140100},{"cityName":"运城","currentConfirmedCount":0,"confirmedCount":19,"suspectedCount":0,"curedCount":19,"deadCount":0,"locationId":140800},{"cityName":"大同","currentConfirmedCount":0,"confirmedCount":12,"suspectedCount":0,"curedCount":12,"deadCount":0,"locationId":140200},{"cityName":"晋城","currentConfirmedCount":0,"confirmedCount":10,"suspectedCount":0,"curedCount":10,"deadCount":0,"locationId":140500},{"cityName":"长治","currentConfirmedCount":0,"confirmedCount":8,"suspectedCount":0,"curedCount":8,"deadCount":0,"locationId":140400},{"cityName":"朔州","currentConfirmedCount":0,"confirmedCount":8,"suspectedCount":0,"curedCount":8,"deadCount":0,"locationId":140600},{"cityName":"忻州","currentConfirmedCount":0,"confirmedCount":7,"suspectedCount":0,"curedCount":7,"deadCount":0,"locationId":140900},{"cityName":"吕梁","currentConfirmedCount":0,"confirmedCount":6,"suspectedCount":0,"curedCount":6,"deadCount":0,"locationId":141100},{"cityName":"阳泉","currentConfirmedCount":0,"confirmedCount":4,"suspectedCount":0,"curedCount":4,"deadCount":0,"locationId":140300},{"cityName":"临汾","currentConfirmedCount":0,"confirmedCount":2,"suspectedCount":0,"curedCount":2,"deadCount":0,"locationId":141000}]},{"provinceName":"吉林省","provinceShortName":"吉林","currentConfirmedCount":0,"confirmedCount":93,"suspectedCount":0,"curedCount":92,"deadCount":1,"comment":"","locationId":220000,"statisticsData":"https://file1.dxycdn.com/2020/0223/046/3398299755968039975-135.json","cities":[{"cityName":"长春","currentConfirmedCount":0,"confirmedCount":45,"suspectedCount":0,"curedCount":45,"deadCount":0,"locationId":220100},{"cityName":"四平市","currentConfirmedCount":0,"confirmedCount":15,"suspectedCount":0,"curedCount":14,"deadCount":1,"locationId":220300},{"cityName":"辽源","currentConfirmedCount":0,"confirmedCount":7,"suspectedCount":0,"curedCount":7,"deadCount":0,"locationId":220400},{"cityName":"公主岭","currentConfirmedCount":0,"confirmedCount":6,"suspectedCount":0,"curedCount":6,"deadCount":0,"locationId":220381},{"cityName":"通化","currentConfirmedCount":0,"confirmedCount":6,"suspectedCount":0,"curedCount":6,"deadCount":0,"locationId":220500},{"cityName":"吉林市","currentConfirmedCount":0,"confirmedCount":5,"suspectedCount":0,"curedCount":5,"deadCount":0,"locationId":220200},{"cityName":"延边","currentConfirmedCount":0,"confirmedCount":5,"suspectedCount":0,"curedCount":5,"deadCount":0,"locationId":222400},{"cityName":"松原","currentConfirmedCount":0,"confirmedCount":2,"suspectedCount":0,"curedCount":2,"deadCount":0,"locationId":220700},{"cityName":"梅河口","currentConfirmedCount":0,"confirmedCount":1,"suspectedCount":0,"curedCount":1,"deadCount":0,"locationId":220581},{"cityName":"白城","currentConfirmedCount":0,"confirmedCount":1,"suspectedCount":0,"curedCount":1,"deadCount":0,"locationId":220800}]},{"provinceName":"新疆维吾尔自治区","provinceShortName":"新疆","currentConfirmedCount":0,"confirmedCount":76,"suspectedCount":0,"curedCount":73,"deadCount":3,"comment":"","locationId":650000,"statisticsData":"https://file1.dxycdn.com/2020/0223/497/3398299753820556085-135.json","cities":[{"cityName":"乌鲁木齐","currentConfirmedCount":0,"confirmedCount":23,"suspectedCount":0,"curedCount":23,"deadCount":0,"locationId":650100},{"cityName":"伊犁州","currentConfirmedCount":0,"confirmedCount":18,"suspectedCount":0,"curedCount":18,"deadCount":0,"locationId":654000},{"cityName":"兵团第四师","currentConfirmedCount":0,"confirmedCount":10,"suspectedCount":0,"curedCount":9,"deadCount":1,"locationId":0},{"cityName":"兵团第八师石河子市","currentConfirmedCount":0,"confirmedCount":4,"suspectedCount":0,"curedCount":3,"deadCount":1,"locationId":0},{"cityName":"兵团第九师","currentConfirmedCount":0,"confirmedCount":4,"suspectedCount":0,"curedCount":3,"deadCount":1,"locationId":0},{"cityName":"昌吉州","currentConfirmedCount":0,"confirmedCount":4,"suspectedCount":0,"curedCount":4,"deadCount":0,"locationId":0},{"cityName":"吐鲁番市","currentConfirmedCount":0,"confirmedCount":3,"suspectedCount":0,"curedCount":3,"deadCount":0,"locationId":650400},{"cityName":"巴州","currentConfirmedCount":0,"confirmedCount":3,"suspectedCount":0,"curedCount":3,"deadCount":0,"locationId":511902},{"cityName":"兵团第十二师","currentConfirmedCount":0,"confirmedCount":3,"suspectedCount":0,"curedCount":3,"deadCount":0,"locationId":0},{"cityName":"兵团第六师五家渠市","currentConfirmedCount":0,"confirmedCount":2,"suspectedCount":0,"curedCount":2,"deadCount":0,"locationId":0},{"cityName":"兵团第七师","currentConfirmedCount":0,"confirmedCount":1,"suspectedCount":0,"curedCount":1,"deadCount":0,"locationId":0},{"cityName":"阿克苏地区","currentConfirmedCount":0,"confirmedCount":1,"suspectedCount":0,"curedCount":1,"deadCount":0,"locationId":652900}]},{"provinceName":"宁夏回族自治区","provinceShortName":"宁夏","currentConfirmedCount":0,"confirmedCount":75,"suspectedCount":0,"curedCount":75,"deadCount":0,"comment":"","locationId":640000,"statisticsData":"https://file1.dxycdn.com/2020/0223/353/3398299755968455019-135.json","cities":[{"cityName":"银川","currentConfirmedCount":0,"confirmedCount":36,"suspectedCount":0,"curedCount":36,"deadCount":0,"locationId":640100},{"cityName":"吴忠","currentConfirmedCount":0,"confirmedCount":28,"suspectedCount":0,"curedCount":28,"deadCount":0,"locationId":640300},{"cityName":"固原","currentConfirmedCount":0,"confirmedCount":5,"suspectedCount":0,"curedCount":5,"deadCount":0,"locationId":640400},{"cityName":"中卫","currentConfirmedCount":0,"confirmedCount":4,"suspectedCount":0,"curedCount":4,"deadCount":0,"locationId":640500},{"cityName":"宁东","currentConfirmedCount":0,"confirmedCount":1,"suspectedCount":0,"curedCount":1,"deadCount":0,"locationId":0},{"cityName":"石嘴山","currentConfirmedCount":0,"confirmedCount":1,"suspectedCount":0,"curedCount":1,"deadCount":0,"locationId":640200}]},{"provinceName":"青海省","provinceShortName":"青海","currentConfirmedCount":0,"confirmedCount":18,"suspectedCount":0,"curedCount":18,"deadCount":0,"comment":"","locationId":630000,"statisticsData":"https://file1.dxycdn.com/2020/0223/581/3398299758115524121-135.json","cities":[{"cityName":"西宁","currentConfirmedCount":0,"confirmedCount":15,"suspectedCount":0,"curedCount":15,"deadCount":0,"locationId":630100},{"cityName":"海北州","currentConfirmedCount":0,"confirmedCount":3,"suspectedCount":0,"curedCount":3,"deadCount":0,"locationId":632200}]},{"provinceName":"西藏自治区","provinceShortName":"西藏","currentConfirmedCount":0,"confirmedCount":1,"suspectedCount":0,"curedCount":1,"deadCount":0,"comment":"","locationId":540000,"statisticsData":"https://file1.dxycdn.com/2020/0223/353/3398299755968039885-135.json","cities":[{"cityName":"拉萨","currentConfirmedCount":0,"confirmedCount":1,"suspectedCount":0,"curedCount":1,"deadCount":0,"locationId":540100}]}]